diameter,Curvature,type
4.20023957,0.68,A
3.76620234,0.78,A
6.46659463,1.15,A
3.15276531,0.27,A
7.53603678,3.36,B
10.4214453,2.48,B
10.1061135,2.65,B
9.04272641,3.23,B
