Diameter,Weight,Curvature
6.62164355,21.4028597,0.56
4.43237898,21.0116776,0.78
1.98599119,20.7167908,0.53
3.09575744,20.2657716,0.89
9.66270001,16.4748758,2.37
8.67358902,15.2810126,2.83
11.167735,16.1010342,2.69
8.25542371,15.8755189,3.47
